Model,Test Loss,Test Accuracy,F1 Score,Precision,Recall
CNN,0.12300600856542587,0.9567797780036926,0.9654597906052979,0.9792460171263412,0.9567797899863034
