Model,RMSE,MAE,MAPE (%),R² Score
LSTM,0.8083308941032954,0.6346771803987962,3.678832777867644,0.6829217803000955
