Model,RMSE,MAE,R² Score,AIC,BIC
SARIMAX,1.0437197318458347,0.8247242520922705,0.47101650071491064,-3022.880504993172,-2880.9663522449846
